{"0": [[870.4637072256912, 356.43120369481835], [1.4599902432315999, 0.13062228020707323]], "1": [[964.7468113446756, 359.35434911706966], [0.36559972401657825, 0.37800109264822923]], "2": [[678.4178670415477, 140.6627706753667], [0.16674748731154465, 2.535380958492212]], "3": [[299.4582116996283, 850.1687296825386], [1.4880262219317402, 2.116618022847077]], "4": [[607.4027954055625, 277.27350670554875], [0.8932353801050442, 2.529547232931399]], "5": [[221.40542912493015, 657.0717856997295], [1.4170253958518912, 1.5932262405907651]], "6": [[1062.84805136759, 171.5814394434613], [0.5746138308729892, 1.500624631482343]], "7": [[516.4163637012306, 583.4423380505077], [2.712753394645602, 0.9009379141213968]], "8": [[1041.1959420852997, 294.39534055484387], [0.6652058480201085, 2.2365850257771482]], "9": [[976.8676638426062, 443.92089451115856], [1.990137656589953, 0.9776412292871556]], "10": [[608.6430423935899, 650.9039065543182], [1.334715663941278, 1.2838150940860613]], "11": [[783.9148699660068, 243.93449165940092], [1.7420812753327541, 2.8815476338508534]], "12": [[255.54212189005844, 608.5549037967323], [0.10706562435823241, 1.5418972405520852]], "13": [[370.6687707218398, 176.10334785083808], [2.1045596132845135, 2.977263453077251]], "14": [[680.397796504886, 275.56113603801276], [0.12024058882654087, 2.3824463661374784]]}