{"0": [[322.80589541215215, 106.94056625690851], [0.7710893495323199, 1.8437815564652023]], "1": [[490.74344302815337, 689.8235644144282], [1.791105449266118, 1.8481257058480638]], "2": [[815.0789456434009, 755.8678921743826], [0.9821450079443046, 1.9567722504126501]], "3": [[615.9311833091492, 243.20478574006313], [2.4175938906506773, 0.014042751442653434]], "4": [[927.0408397021579, 389.797255656562], [1.3873223976705926, 2.225843022745501]], "5": [[791.7896253011018, 543.2870609578645], [2.54020881231797, 2.842377681447745]], "6": [[440.3073356930668, 241.48266907761112], [2.955433335997034, 1.4628650258493672]], "7": [[805.9031540174796, 425.78697173649954], [1.555273121702021, 1.3094144715940979]], "8": [[832.4060872357456, 338.7849200938993], [1.2073823843498412, 0.6182904962432603]], "9": [[409.16050465741307, 183.59450555565107], [0.6570437133255792, 0.22888166166706359]], "10": [[834.3404253338579, 95.77242054221458], [1.2926531837326327, 2.3516217246258546]], "11": [[432.7392588356115, 751.3941401415129], [2.8967394955206625, 0.19275584188484496]], "12": [[534.9099549898576, 129.32331057751853], [1.379813000974417, 1.1711510212986136]], "13": [[926.2972488855737, 396.55037146026007], [1.0671108891009928, 0.5495976861468167]], "14": [[1009.4584357894669, 471.90805024324897], [2.3669869621624224, 2.2891757593887876]], "15": [[380.5071977982448, 130.95557094524983], [2.7156860210286893, 0.29038819632815005]], "16": [[1062.5277686940585, 445.81644956779394], [0.4790575008620024, 0.050337494770777313]], "17": [[458.91927564350846, 486.44460143363114], [2.9138578164579605, 0.607747349012222]], "18": [[187.6167416622119, 308.12042854423555], [1.2895676200586337, 1.7677806068585544]], "19": [[329.98652916064134, 348.51156762201106], [0.1542011026728114, 2.9139643444191266]]}