{"0": [[696.4239756607599, 718.8566151476408], [1.3217537351560713, 0.33210603641274605]], "1": [[1046.720557434684, 152.12599206078806], [2.2657398454446795, 1.1945149921567269]], "2": [[877.5198321262818, 653.2349481797314], [2.503678624158315, 0.12303231146354521]], "3": [[604.7157039457707, 443.1644699801247], [1.2532358354760844, 1.9591687202655779]], "4": [[608.8646880917593, 312.37465547464006], [2.322256354964771, 1.1767683090611132]], "5": [[611.696339963251, 727.9641617248336], [0.891565538275941, 0.4409232621560921]], "6": [[206.18031556215257, 629.5531745319294], [0.18293406354191932, 0.6460407051076547]], "7": [[887.2632979086542, 392.43982426019653], [0.3475656258688362, 2.007002569699933]], "8": [[812.6403795014876, 226.97977203852943], [0.46227658157284623, 0.3390317551741462]], "9": [[649.7176687031816, 276.38502662028395], [0.8447018642086817, 0.9416272032558062]], "10": [[735.5954967359941, 284.86226902819453], [0.6925395564047394, 2.1518789275712775]], "11": [[816.5182017630232, 850.6582963309861], [1.38701376252936, 2.1004873368682064]], "12": [[1005.1650111741054, 217.55193669247853], [2.0907399158365, 0.23990966951012316]], "13": [[329.3234392579494, 831.793063178717], [2.329770191400911, 0.8561212782371396]], "14": [[772.6284002398037, 327.4414057593932], [1.4933730797208915, 1.9653603048633208]]}
