{"0": [[307.95715931128245, 169.06043377892735], [0.5975642650231985, 1.949295883062068]], "1": [[1083.630361461761, 408.1697412216254], [2.4061795487896593, 2.082554807405943]], "2": [[530.0714587430411, 515.3557968391227], [2.5017071540939093, 2.3560354466838183]], "3": [[845.0921932436377, 483.5086736295358], [2.7931356557860187, 1.2597755819861507]], "4": [[496.09265330564256, 803.0051667355], [0.570638772266313, 1.4844384003815168]], "5": [[978.2625868781357, 717.4117239970758], [2.3227337486860606, 2.0963980093891625]], "6": [[773.8934067294351, 425.1718080011367], [1.3821087689602276, 2.8220492081342834]], "7": [[803.9868869965832, 822.8033553506673], [1.5559549444954945, 0.009173761355932175]], "8": [[473.62162819575263, 509.6317499789259], [2.685897485173582, 0.15940074374031477]], "9": [[454.0922907622423, 818.9206416206493], [1.6586738593645358, 0.8123295696694428]], "10": [[947.5214964189691, 618.6931610343205], [1.8294186437246283, 1.8971673995389182]], "11": [[991.8810214315586, 235.8827923716221], [1.8393107594978026, 1.2242268293326894]], "12": [[829.9541335426275, 799.8882959061384], [1.3113838889550606, 0.5943314020357325]], "13": [[524.375738334043, 168.15824505257444], [1.6792017077032737, 1.1899033470216527]], "14": [[641.7341267790573, 738.142593071349], [1.7212235107833127, 1.0520726191698941]]}